{
  "Version": "2012-10-17",
  "Statement": [
    {
      "Effect": "Allow",
      "Action": [
        "ssm:StartSession",
        "ssm:DescribeSessions",
        "ssm:GetConnectionStatus",
        "ssm:TerminateSession",
        "ssm:DescribeInstanceInformation",
        "ec2:DescribeInstances"
      ],
      "Resource": "*"
    },
    {
      "Effect": "Allow",
      "Action": [
        "ssm:SendCommand"
      ],
      "Resource": "arn:aws:ec2:*:*:instance/*",
      "Condition": {
        "StringLike": {
          "ssm:resourceTag/SSMConnect": "true"
        }
      }
    },
    {
      "Effect": "Allow",
      "Action": [
        "ssm:GetCommandInvocation"
      ],
      "Resource": "*"
    },
    {
      "Effect": "Allow",
      "Action": [
        "iam:PassRole"
      ],
      "Resource": "arn:aws:iam::*:role/AmazonSSMRoleForInstancesQuickSetup"
    }
  ]
}